,username,description,location,following,followers,totaltweets,retweetcount,text,hashtags
0,Ycaiccedov,maracucha rockera opositora amo los gatos defnsoara dlas mascotas d la calle fe y esperanza puestas en la libertad... dios con nosotrosğŸ•ğŸ˜º,"Carabobo, Venezuela",245,108,7656,76,"ğŸ–ï¸HFH 5th #NFTGiveaway ğŸ

ğŸ3 winners selected, each wins 1x Hyena #NFT chosen TONIGHT @ 10:00 PM ESTâ°

ğŸ‘‡To enter:
1âƒ£RT + Follow @HedgeFundHyenas
2âƒ£Join Discord: https://t.co/Nk6ddqUjWw

While in Discord, come talk NFT/crypto investments with our #NFTCommunity &amp; the HFH team! https://t.co/U8hdAX7qF7","['NFTGiveaway', 'NFT']"
1,Caterrific_,#NFT #PLAY2EARN #PLAYTOEARN #CRYPTO #GAMING #CRYPTOGAMING #BLOCKCHAIN #BNB #BTC #Bitcoin #ETH #ALTS,Schweiz,1406,800,22774,46,$TCT #wildcardgame @wildcardp2e - sounds like best crypto game !! Great Stuff !! There are three ways to ultimate success: The first way is to be kind. The second way is to be kind. The third way is to be kind. Bullish!! #BlueChipTaco #Shiba https://t.co/qgW4t3MsLh,['wildcardgame']
2,Aleksei86059415,,,3,1,3,15,"The NFT Collection from @KittyDinger 
launches this month! ğŸš€

80 Unique Traits ğŸ¥³
3000 Supply ğŸª™

Join the community today!
#NFT #crypto #defi https://t.co/VFpuEWqlCW",[]
3,bbeyondm1,Luxury Affordable Massage - Beyond Massage -beyond ordinary was Established in 2015 as a client centered care personalized attention Massage Salon,"San Diego, CA",3010,990,5827,3,@_Lady_Crypto_ Sometimes being crazy #Shiba ğŸ¤£ https://t.co/5RgvjL4AMO,['Shiba']
4,Crypto_And_Kush,"ğŸ¤œğŸ¤›ğŸ’¨ğŸ’¨ğŸš€ğŸš€Crypto and legalized weed enthusiast. Wake, bake and stake
#cro #Fftb I'm part of the #crofam 
 #LoadedLion #3147 #cronoschimp and #madmeerkat",Land of the Free,336,307,387,0,"Wish I knew about @EbisusBay VIP pass earlier but got a founding
 member NFT ğŸ¤Ÿ 
Use my referral code ZH7Te5fq2z for 5% off the pass which give you discounts on mints going forward. https://t.co/iZRPWypiaU",[]
5,11091989shevchu,,,204,1,155,34,"#InfamArmyâ—Â Guys, you are the bestâ—

Our Discord server has just 1 week oldğŸ”¥ğŸ”¥ğŸ”¥Â But weÂ hit 1000 users!

Donâ€™t forget toÂ use itÂ and invite friends toÂ get some prizesğŸ†

#INF #marketing #InfamPlatform #startup #Infam #INFtoken #crypto #DeFi #InfamDiscord https://t.co/NaIWwhghJm",['InfamArmy']
6,Crypto_D_,Cryptobabe cruising the metaverse ğŸ”¥ğŸš€ğŸ‹ğŸ“ˆ #magichero #varrior $vpad $mcrt,,717,153,2104,102,"8000 FOLLOWERS! ğŸ¹ 

Letâ€™s hit 10K TODAY! 

RETWEET, LIKE &amp; SHARE!",[]
7,88bigw1n_2022,"Bismillah diparingi ikhlas,ridho Allah ğŸ™
#jihantesti #BUNALOVE #cutetesty #unclebongtesti #6ï¸âƒ£5ï¸âƒ£ğŸ¹ 
 #kimlovers 
#testinyafina #sobatgarangan #hadiahibuk","Jawa Tengah, Indonesia",4951,138,25129,8156,"$500 | 7 JUTA RUPIAH OR IPHONE XR FOR ONE WINNER IN 72 HRS ğŸ•Š

- retweet &amp; follow (turn on all notif ğŸ””)

@GAContest_ 
@Crypto_Contest_
@Crypto_Adams https://t.co/JdAFZkiKxt",[]
8,Crypto__Trends,"PhD student, digging trend lines, market sentiment and #crypto facts. #Follow me for occasional thoughts and I will #followback. Not Financial Advice.","Boston, MA",74,27,43,0,"@FootBal82842539 @sunflowerfarmz No worries, your ""investment"" has already been recovered by someone else :). Thanks for playing with us.",[]
9,andre_ks04,semoga bisa segera big win ğŸ€ğŸ€ğŸ€ #LegitFAM #LiT #CBLove 6ï¸âƒ£5ï¸âƒ£ğŸ¹ #tigergang #funsizedw1n,"Bekasi bisa, Jakarta juga bisa",4935,273,69063,724,"$100 || RT in 12hrs ğŸ¯â¤

Follow @j_crypto_2015 + RT their ğŸ“Œ",[]
10,WomanNFT,"WomanNFT.ETH WomanNFT.Tez. Pop CryptoArtist. Making the world a better place for our children through Art, Love and Community. â¤ï¸ My opinions are my own.",Home,9038,15265,57178,0,@Crypto_Breezy7 @cyber_yuyu @CakedApes Cake cake cake cake cake ğŸ¶ğŸ¶ğŸ¶,[]
11,maknmyendz,"Crypto enthusiast trying to reach the moon one coin at a time ğŸª™ğŸš€
$Kiba",,659,387,16560,0,"@DoloNFT KIBA IS JUST BREAKING WORLD RECORDS...PROLY NOTHING ğŸ¤”
$KIBA #KIBA #MEMECOIN #CRYPTO #ALTCOIN

https://t.co/6D8UfslftE

Telegram: https://t.co/DGSG3gnlvl
Twitter: @KibaInuKiba
Website: https://t.co/W5jKN5PaxT
https://t.co/iWWYUvu6Z6","['KIBA', 'MEMECOIN', 'CRYPTO', 'ALTCOIN']"
12,elgilban914,hanya pencari recehan yg di kasih amanah oleh maha pencipta untuk terus berusaha.. karena tiada usaha yang sia sia.,"Bungbulang, Indonesia",3986,158,18729,0,@Crypto_Contest_ Done https://t.co/rnHNDZg4iP,[]
13,YashSharma1705,,India,711,601,41828,50,"The exercise of an buying bullish on $TCT is the supremist pleasure in life.   -  #TacoCatToken takeover #Crypto   

The ultimate in #P2E #WildCardGame from #BlueChipTaco https://t.co/eYn2uPo7Ph","['TacoCatToken', 'Crypto']"
14,Bubble_minakie,Believer. Singer. Gooner. Messi.Jersey plug. Econs major. Social media manager/consultant. IG:@mz_muna. For ads/promo: ğŸ“§ bogunjokoeb@gmail.com.,Emirates.,22795,37579,158721,0,"My birthday is on the 21st of January and hereâ€™s what I want:
Crypto
Credit alerts 
Dresses
Wigs from @_Matriach 
Bags and shoes from @Tbillion40 
AirPods 3 from @DrightSauce 
Series 7 Smartwatch from @sire_frank 
Sea food, ijekuje and you can throw in some pararan.
Thank you â¤ï¸",[]
15,Danielesesta81,"#OccupyDeFiâœŠ #PeopleMaxi - Together we are
One - Frog Nation - ğŸ¸ğŸ¸ğŸ¤ğŸ’ª Do not Live asking
Permission",ğŸŒ–,0,34,39,0,@ojhalm How is the crypto market going for you? Send A Dm,[]
16,wycing61,Hihi,,89,8,60,85,"$LUFFY looking super bullish! Just waiting for the $LUFFY own NFT market place. Buy #LUFFY on uniswap (not on exchange), so you can get free token as reflections.   

$LUFFY #LUFFY #LUFFYCREW #SHIB #FLOKI #SAITAMA #crypto #ETH #dogelon #kishu #Bitcoin #cryptocurrency https://t.co/LpecVD6lKk",['LUFFY']
17,AndresDSA24,Redactando...,,10,1,9,1588,"ğŸ #FirstAirdrop2022 ğŸ

1000$ giveaway
Next 10 winners âœ¨

1. Follow @kedruga and rt this tweet 
2. Comment your BSC wallet ğŸ‘€

#Airdrop #Giveaway #Crypto #cryptocurrency #NFTs #NFTGiveaway #SHIB #BabyCheemsInu https://t.co/G2vZJiU3TX",['FirstAirdrop2022']
18,BukanGhoib,"Tiada hasil tanpa usaha
Indonesia Tanah Air Beta
@DanielRoedy
#IwonHanabi
#JihanTesty",Genting,3687,109,14727,8156,"$500 | 7 JUTA RUPIAH OR IPHONE XR FOR ONE WINNER IN 72 HRS ğŸ•Š

- retweet &amp; follow (turn on all notif ğŸ””)

@GAContest_ 
@Crypto_Contest_
@Crypto_Adams https://t.co/JdAFZkiKxt",[]
19,Amirasa67481921,,,117,0,88,96,"New Airdrop: Pope Inu 
Value: $100,000
Rewards: 10,000,000 POPE
Winners: 3000 Winners
End Date: 9th February, 2022
Distribution: After PancakeSwap listing

ğŸ”— Fill the Airdrop Form: https://t.co/ULgyrWS223

#Airdrop #Crypto #Bitcoin #BSC #AirdropAchiever #PopeInu https://t.co/8Sr6sv8PHo",[]
20,HinuChad1,(He/Nu),,10,4,34,0,"@memetoolsapp $HINU #HeliumInu Developing a #BNB staking Battle Royale video game #NFT collection, #BUSD reflection payments
Gaming and NFTs are the future of crypto, don't miss out! @HinuDev
We are listed on CoinMarketCap! We have officially breached $1M mc
#CMC #HeliumInu $HINU #BSCGemsAlert","['HeliumInu', 'BNB', 'NFT', 'BUSD', 'CMC', 'HeliumInu', 'BSCGemsAlert']"
21,YashSharma1705,,India,711,601,41828,48,"Sometimes the most important thing in a whole day is the bullish $TCT we buy.    - #TacoCatToken #Crypto for the mainstream   

#WildCardGame #WildcardP2E is the game changing #P2E from #BlueChipTaco https://t.co/eWFzKf3rgC","['TacoCatToken', 'Crypto']"
22,itejck,I â¤ï¸ Crypto Tokenomics that can help those who need it most. â¤ï¸ #Defi â¤ï¸ ğŸ¥· $SHINJA #SHINJA ğŸ¥·#DOJOSWAP #KATANAWALLET #KUSARIBLOCKCHAIN #DOJOVERSE #blockchain,,853,486,12634,0,"@OC_CryptoNurse @WatcherGuru If you havenâ€™t grabbed #SHINJA yet, itâ€™s a smart time to swoop a bag. ğŸ¦¾ğŸ¥·â¤ï¸
ğŸ¥·#DOJOSWAP ğŸ¥·ğŸŒğŸš€ğŸŒš
ğŸ¥·#KATANAWALLETğŸ¥·ğŸ¥·ğŸŒğŸš€ğŸŒš                             ğŸ¥·#DOJOVERSE ğŸ¥·ğŸ¥·ğŸ¥·ğŸŒğŸš€ğŸŒš
ğŸ¥·#KUSARIBLOCKCHAIN ğŸ¥·ğŸŒğŸš€ğŸŒš#DeFi #crypto #cryptocurrency #blockchain #NFT #Shibnobi #DeFi @Shib_nobi","['SHINJA', 'DOJOSWAP', 'KATANAWALLET', 'DOJOVERSE', 'KUSARIBLOCKCHAIN', 'DeFi', 'crypto', 'cryptocurrency', 'blockchain', 'NFT', 'Shibnobi', 'DeFi']"
23,CRYPTO_VIIKING,.,,218,66,2324,5,"#Listen_audio
Last tym
I updated perfectly

Again updating

Positional long only above $46440/$47800 monthly close

12H/1D close above $44500 may give $46440

@futrii @AltsOracle @EmmaLladro @TARNEETSINGH  @Upndown05402148 @tessa_dawn1 

#RETWEET IF U FIND IT WORTH to help others https://t.co/IpiIZyi3kq https://t.co/qTCjEhhdPO",['Listen_audio']
24,Hooters,New year. Same owl. Use code NEWYEAR for $10 off $50+ orders on the Hooters app or https://t.co/EsaVH7ISJl,,2885,142176,74441,0,Thinking of creating my own crypto and calling it #TitCoin,['TitCoin']
25,Crypto_Igloo,ğŸ¥·        I love crypto.   ğŸ¥·,"Vancouver, British Columbia",1397,359,1617,1,"What is Bitboy's insider doing anyway, is he still on the board of Ripple?ğŸ˜‚ https://t.co/CgZxxcZjP7",[]
26,wangibigwin2022,Akun khusus GA (only one my GA Acc)Ê•Â·á´¥Â·Ê”ğŸ’ğŸ€ #6ï¸âƒ£5ï¸âƒ£ğŸ¹ #Gabbies â¤ï¸ #LiT bismillah bisa debut di #jihantesti â¤ï¸,ğŸ‡®ğŸ‡©,4972,299,38415,621,"ğŸš€ NEXT X100 IDO ğŸš€

PayTrust is a revolutionary platform in the crypto payments space.

They allow REFUNDS FOR THE FIRST TIME IN THE HISTORY OF THE BLOCKCHAIN!

âœ… AUDIT - KYC - TEAM DOXXED. âœ…

IDO link: https://t.co/iiYMLMXkHS
TG Group: https://t.co/KsdLISbhV2 https://t.co/O0ze6QdZ3A",[]
27,BlogPuerto,,,461,96,4918,0,"@WatcherGuru 2022 the Shiba Inu Year! Why? Simple, #Shibarium, the Game, solid and secure ecosystem and the most importantly, the community. Real people that are 100% sure that #Shib will be into the first 5 crypto established projects in the world and a Global Currency for the next century!","['Shibarium', 'Shib']"
28,FinancialNews,"FN is the leading source of information about the investment banking, fund management and securities industries.",London,360,61167,92671,0,Crypto broker Bitcoin Suisse snaps up Barclays exec for CEO role https://t.co/zxw1ycMo3a,[]
29,quote_crypto,Given cryptocurrency's current price in USD. Price Updates every 5 minutes. DM and I'll add any other crypto,,1,21,9916,0,"Crypto Prices (USD/â‚¿)

Bitcoin â¨ $41563.6764â·
AxieInfinity â¨ $72.849â·
VeChain â¨ $0.0791â·
EthereumClassic â¨ $23.6092â·
InternetComputer â¨ $30.8705â·
EOS â¨ $2.8552â·

#Crypto #Bitcoin #AxieInfinity #VeChain #EthereumClassic #InternetComputer #EOS","['Crypto', 'Bitcoin', 'AxieInfinity', 'VeChain', 'EthereumClassic', 'InternetComputer', 'EOS']"
30,OluwaGbenga98,Digital/Affiliate Marketer || Videography || Blogger || Shoe Maker,"Lagos, Nigeria",327,40,135,119,"NFTâ€™s can make you rich
Crypto can make you rich
YouTube can make you rich
Real Estate can make you rich
Social media can make you rich
E-Commerce can make you rich
Email marketing can make you rich

All of them work. You just need to choose something &amp; stick with it.",[]
31,krypticrooks,"CEO of Chad Capital... never made it @shitinvest 
Member // @pleasrDAO","Dallas, TX",1652,8304,25713,0,"how to avoid problems with sec when building crypto project. Launch roadmap ""buy this no cap you gunna be rich fam""... profit... stress free relaxation time",[]
32,drnitinchaube,"CEO & CMD-HBH - Health Beyond Healing Pvt Ltd (https://t.co/Dd6h0Hehhx), Senior Partner AAUHT-HBH JV, ICELAND, COVID AYURVEDIC SUPPORT & COUNSELLING","Chennai, Tamil Nadu",403,554,26480,0,"#cryptocrash seems the top trend now 
#Bitcoin #BTC #dogecoin #shiba #Crypto #cryptocurrency #cryptocurrencies","['cryptocrash', 'Bitcoin', 'BTC', 'dogecoin', 'shiba', 'Crypto', 'cryptocurrency', 'cryptocurrencies']"
33,Caterrific_,#NFT #PLAY2EARN #PLAYTOEARN #CRYPTO #GAMING #CRYPTOGAMING #BLOCKCHAIN #BNB #BTC #Bitcoin #ETH #ALTS,Schweiz,1406,800,22775,42,"$TCT @wildcardp2e can't wait to play #wildcardgame !! Bullish !! Success is getting what you want, happiness is wanting what you get. Bullish!! #BlueChipTaco #Crypto https://t.co/mK5SAZ9XI9",['wildcardgame']
34,BobChatter1,,,262,168,9534,31,Am I genuinely missing something? Keep seeing the word dip? You call this a dip?! Zoom out people #safemoon has had one of the strongest couple of weeks in the entire established #crypto world. Most things are tanking. https://t.co/KrXU8Ocr88,['safemoon']
35,coin_guru,"Follow Us for Real-time #Cryptocurrency Price Alerts, Breaking News and cool #Giveaway Contests. Stay ahead of the markets & Turn on ğŸ”” Notifications here! ğŸ‘†",,280,17160,10053,0,"NEAR Protocol falling! ğŸ“‰ 

1 NEAR is now $15.2190 (Down 3.58% in 1 hour)

Buy, Sell or HODL?

https://t.co/tFf1M9pifu

#NEARProtocol #NEAR $NEAR #crypto","['NEARProtocol', 'NEAR', 'crypto']"
36,bubblebubblys,"just turn off my retweets, mute, or bub me if you feel uncomfortable | cita-cita pake #jihantesti #SobatGarangan #ShillCrew ğŸ¤²ğŸ»","HUNTER, SBT, ARCHIVE ACCOUNT âœ¨",4883,129,33667,328,"$25 | 350K ~ ends in 3 hours 

â€¢ RT + Follow @Crypto_GA_Arena
â€¢ Join/Rt their ğŸ“Œ",[]
37,alyapoomcityx,30:20:50 Kpopers : random : Thai enthu. yang gak nyaman boleh unfoll ya ğŸ˜™ otw #jihantesti #cutetesty,taynew,1022,144,11671,0,Excellent project! https://t.co/bqIC8aDBap #CryptoRocketLaunch #NFT #Whitelist #NFTGame #PlayToEarn #ToTheMoon,"['CryptoRocketLaunch', 'NFT', 'Whitelist', 'NFTGame', 'PlayToEarn', 'ToTheMoon']"
38,MMehrdadmoosavi,,,682,9,1263,1741,"Dear community members @pixelverse1 #PIXELROBOT first round is sold out.
We will open a second round shortly
Please stay tuned for this fantastic collectionğŸš€ğŸš€ğŸš€ğŸš€
#crypto #NFT #blockchain #NFTGaming #Metaverse https://t.co/dpjEXPPPcq",['PIXELROBOT']
39,zlya7d,kanekicryptr,,478,70,885,4,"Whoâ€™s ready for the @truth reveal tomorrow? 

Seek and you shall find.  

@ajt @process_grey #NFTCommunity #Illuminati #ETH #Crypto #Bitcoin #Ethereum #opensea https://t.co/7zqsgYna8g","['NFTCommunity', 'Illuminati']"
40,AmgBruce,Technical Operations Engineer. LaSalle Engineering ğŸ‘¨ğŸ¾â€ğŸ’» Masterâ€™s Graduate. Global Humility LLC,Philadelphia,1252,1632,95578,0,Crypto been shit all 2022 praying for a pump,[]
41,YashSharma1705,,India,711,601,41828,52,"Most smiles are started by bullish $TCT sentiment than another smile.    - #TacoCatToken mainstream #Crypto       

Q1-2022 sees #BlueChipTaco release #WildCardGame #WildcardP2E https://t.co/T5mMWGWzse","['TacoCatToken', 'Crypto']"
42,diyojenix,,,562,1340,4189,46,"ğŸš¨ Free #NFTGiveaway ğŸš¨
Drop your #ETH wallet address ğŸ

Only a chance for the first 400 rtâ€™s!!

To Enter:
1ï¸âƒ£ Follow @ZebraPunks 
2ï¸âƒ£ Follow @ijs_003 
3ï¸âƒ£ â¤ï¸ &amp; RT

#NFT #NFTCommunity #art #NFTGiveaways #nftcollectors #zebrapunks #NFTs #Airdrop #Airdrops #Crypto #Giveaway https://t.co/nzMyWJDiPs","['NFTGiveaway', 'ETH']"
43,andiesst,"ğŸ“š Electronic PGT'25 | TI UEU'17 | MTI UMB'22
ğŸ”§ Distribution Energy Dept. at PT GJTL
ğŸ› ï¸ PT SEP Engineering ( General Contr & Trading )","tangerang,indonesia",1055,608,20693,7049,"Havenâ€™t you attended our last webinar?

You can watch it now and learn about the essentials of #CandaoğŸ‘‡ 
https://t.co/Fpc06BK985

ğŸ“°Stay updated with the crypto world and check out the news:
StarTerra Pyromaniac: https://t.co/U6sI6aCuBS
Expo Poland 2022 https://t.co/xLBbsNFh21 https://t.co/kSBhL2FPzz",['Candao']
44,DAVIDBS28756184,"Top 50 brawl stars
(2017&2018)
Top 20 clash royale 
(2016&2017)

CEO of mortis in heist | Random matchmaking connoisseur | 33k ğŸ† ğŸ‡ºğŸ‡² | Immature Twitter user",,120,14,625,0,"@rzm64 I'm with you, I have not been able to understand a thing about crypto nor NFTs",[]
45,skrone786,I am a Freelancer,,499,12,1836,192,"ğŸš€ Airdrop: Angel Soul
ğŸ’° Value: $50 NFT
ğŸ‘¥ Referral: HERO NFT
ğŸ“’ Partnership: King Co, JUMEER, BISKO
ğŸ“— Investors: Initech, HOOLI, ABAL, BPS CO, JUMEER
ğŸ“† End Date: 10th January, 2022

Talk with the Telegram Bot
https://t.co/RBFp0tQ49h

#Airdrop #Crypto #Airdrops #GiveAway https://t.co/7wlLKtgGCB",[]
46,SanketP64258157,,,99,58,547,238,"Whatâ€™s been the most impressive crypto meme coin of 2022 so far? ğŸ¤”

â€¢ #Dogecoin 
â€¢ #SHIB 
â€¢ #Saitama 
â€¢ #BabyDogeCoin 
â€¢ #FLOKI 
â€¢ #KISHU 
â€¢ #Shinja 
â€¢ ________??","['Dogecoin', 'SHIB', 'Saitama', 'BabyDogeCoin']"
47,TokenTribune,An opinionated news source for everything crypto and NFT related.,,9,1,4,0,"Gm.

Our team is here to spread crypto and NFT news to the Twitter community!

This year has already been a wild ride and we are excited to share everything that else that 2022 brings.",[]
48,_gerald,"physical and metaphysical poet. caregiver. practicer of exercise and speech. river artwork by grasshopper geography. if you donâ€™t get it, it might be a bit",EST 1982,472,166,1055,0,@jordanbpeterson @Reel2Reil @spectator Imagine tying it to crypto wallets? As dystopian as one could imagine.,[]
49,NayanHowlader14,,,893,4,2456,3512,"ğŸš€ #Airdrop: Metaverse Lab
ğŸ’° Value: 50 $MVP
ğŸ‘¥ Referral: 50 $MVP Tokens each
ğŸ“˜ IDO: Polkaex Group, EraxNFT, Yaan Launchpad, CoinSwap Space
ğŸ“’ Partnership: CryptoVerse Xplorer
ğŸ“… End Date: 3rd Feb 2022

Talk with the Telegram Bot
https://t.co/1QRtKzZ7in

#Airdrops #Crypto https://t.co/lyWYgChBqe",['Airdrop']
50,jaemhyuncityx,"#jihantesti #chitawinner soon | CLOSED! Joki Tugas Hukum, resume jurnal, video , buku dan jasa tulis | apple music | WA for fast response (klik link in Bio)ğŸ‘‡",BRIâ€¢DANAâ€¢OVOâ€¢Shopeepay,3734,57,24456,574,"ğŸ’ğŸ’ğŸ’ 

Show me your beautiful New Year NFT  in the comments! ğŸ’¯
In 24Hrs 
I'll pick one and retweet it ğŸš€ 

#NFTCommunity #OpenSeaNFT #NFTGaming #NFTGame #NFTshill #NFT #nftcollectors #cryptonft #crypto #shillme #nftart #NFTartists #NFTdrop #NFTs #BTC #BSC 
#Solana",['NFTCommunity']
51,RealMoonBound,"Pre-Sale and Token Launch coming soon ğŸš€ğŸ’°Merchandise, NFTâ€™s, Utility ğŸ‘€",Metaverse,95,472,178,0,"@AltcoinDailyio Great note to read. ğŸ—’ï¸
#wagmi #crypto #future","['wagmi', 'crypto', 'future']"
52,Benzeah,,"Kota Malang, Jawa Timur",89,4,165,6008,"ğŸš€ Airdrop: BasketballDAO
ğŸ’° Value: 7200 $BBDAO
ğŸ‘¥ Referral: 550 $BBDAO
ğŸ“¼ Audit: ContractChecker
ğŸ— News: Newsbsc
ğŸ“… End Date: 11 January 2022
ğŸ¦ Distribution Date: 12 January 2022

Talk with the Telegram Bot
https://t.co/N2bQCFoWPC

#Airdrop #Crypto #Airdrops #giveaway https://t.co/0FVmcohBXf",[]
53,bentoe_86,,"Pemalang, Indonesia",161,42,214,245,Crypto gaming will be absolutely HUGE!,[]
54,NandisCouch,"Donâ€™t ever give up. Tomorrow, you will start your new journey, or you will continue the move forward. Those are your choices. #UnapologeticallyBlack ğŸ‘ŠğŸ¾ğŸ’…ğŸ¾",,1541,484,21037,0,@Needle_of_Arya Iâ€™m sure they overlap with the section of youth that want us to pay off all their student loans because they were â€œtrickedâ€ into borrowing for a worthless degreeâ€¦ all while they â€œinvestâ€ into crypto â€œcurrenciesâ€ based on nothing.,[]
55,maknmyendz,"Crypto enthusiast trying to reach the moon one coin at a time ğŸª™ğŸš€
$Kiba",,659,387,16560,0,"@joshnomics Check out our amazing community, and see what you've been missing 
$KIBA #KIBA #MEMECOIN #CRYPTO #ALTCOIN

Telegram: https://t.co/DGSG3gnlvl
Twitter: @KibaInuKiba
Website: https://t.co/W5jKN5PaxT
https://t.co/iWWYUvu6Z6 https://t.co/MLSdnvusVs","['KIBA', 'MEMECOIN', 'CRYPTO', 'ALTCOIN']"
56,grase563,"#CRO #ALH
#CryptoPres Â¯\_(ãƒ„)_/Â¯   $OPUL",,976,168,2583,7439,"ğŸ #LastAirdrop ğŸ

1000$ giveaway, 10 winners, 100 hours âœ¨ 

1. Follow us and rt this tweet 
2. Comment your BSC wallets ğŸ¤‘

ğŸ•ºğŸ’°ğŸ˜ Last one before Private Sale ğŸ˜ğŸ’°ğŸ•º

#Airdrop #Giveaway #Crypto",['LastAirdrop']
57,BogoRazvan,,,13,2,20,2,"I know I just made this twitter to warn #cryptotwitter about their #fakegurus failing â€œonly upâ€ #Crypto strat around $52k (last week of December 2021) &amp; to watch all these so called experts crumble bc they do no TA or do shit TA, but can I stay at 420 followers for the memes?","['cryptotwitter', 'fakegurus', 'Crypto']"
58,skrone786,I am a Freelancer,,499,12,1836,0,"@CryptoTownEU Fantastic project with great potential. The team's dedication and ingenuity with excellent fan support will make this the envy of the crypto world. Glad to be part.

@Imransk02 
@cryptoonline420 
@MegIslam4",[]
59,LLMC63470779,,,148,2,2,464,"First 4000 people to RT get a little @InvsbleFriends / @StonerApeClub
or @LeopardDynasty

Must be following @Rugal_Bull &amp; @NFTMINES  so I can DM youğŸ‘ Crypto ğŸ¤— 

Chosing  few Lucky winnersâ¤ï¸
LFG.

Turn on Notification ğŸ””ğŸ””",[]
60,genereca,not loading 9gb/10gb as of today,,44,106,7978,848,"To celebrate our 500th member joining our 2022 #crypto fund we are giving away a $365 investment to one lucky person. Simply follow us, RT,like and comment on this tweet to be in with a chance of winning. #btc #eth #scarabcapital #win #competition https://t.co/b9i9gqEHmH",['crypto']
61,NasirAhmedNoel1,"ğ˜¼ğ™ğ™§ğ™™ğ™§ğ™¤ğ™¥ ğ™†ğ™ğ™£ğ™œ ğ™‰ğ™šğ™¬ğ™¨ ğŸ‘‘ êª–á¦”êª‘á»‰á­¢

Smart China Address : 0x334645C67d2729bdAc80866Ea40F924b6a21d73D

TRC20 Address :
TSgq1eGsVpbhBiJXBkhrT53hWo8uC8Pk8E",,1594,35,1889,0,"@Novaland_io This is a Fantastic project with great potential.The team's dedication and ingenuity with excellent fan support will make this the envy of the crypto world. I am so glad to be part of this.

@Fandisoraja
 
@siimonn_91 

@BlogNajmul 

@GAHOfficial_TW 

@masud888",[]
62,chaee_Bigwin2,#6ï¸âƒ£5ï¸âƒ£ğŸ¹ #TeamPulte #SUPERFAMILY #callistars #kyliegives #ayuminati #VJFAM #Deukiess #NiceHwan #miones #ajummacares #WonByRich #ChauncyGang #NFT,,1505,15,6041,1132,"ğŸ’° Giveaway ğŸ’°

WORTH 400 busd | $400 ğŸ¸
 
ğŸ 4 lucky winners will get $100 ğŸ”¥
 
To Enter:

1ï¸âƒ£Follow :
@Diffuse64745943
@LaunchNFTs
@PepeStuff
@CRYPTO__BUNNIES
2ï¸âƒ£â¤ï¸&amp; RT
3ï¸âƒ£ğŸ“ŒTag Friends

â°Ends in 24h ğŸ’¯

#NFTCommunity #Solana https://t.co/OAA6UZluES",[]
63,jdsNFT,"(3,3) #SolanaNFT Founder, Producer, 3D Artist, Defi Enthusiast. Building in the NFT space: @soundsol_ & @arch_meta.",Berlin,731,271,299,18,"You guys asked, we delivered. Today is one of those days we pushed hard for you ğŸ¤

Wrapped Staked FHM is here now to increase #utility of our network for community/holders ğŸ§™â€â™‚ï¸

You make this worth all of the hard work thank you for everything $FHM FAMILYğŸ™Œ
#DeFi $FTM #BTC #crypto https://t.co/K97w8EsEQM",[]
64,Underdog1775,Trying to make sense of it all.,,55,53,113,0,"@oxywashere @SohoKidsNFT @BrightPalz Also, excited for some beautiful art from @cardanoproxies minting Jan 8th 7pm UTC. Their project is meaningful and will impact many aspects of crypto and philanthropy. Their art is amazingly detailed and gorgeous. https://t.co/pfrQ0aYMiz",[]
65,ruto231,,,851,36,1639,0,"@potsdao What an amazing project and I know it's going to be a long massive success in the crypto world..

@Slimhil
@bundostika
@Zemira25320701

#PotsDao #Solana #SolanaAirdrop #Giveaway","['PotsDao', 'Solana', 'SolanaAirdrop', 'Giveaway']"
66,CryptoTharen,,"New Jersey, USA",1357,369,1122,0,""" #GreatburninMyteamFinance #GreatburninMyteamCoin aims to bring together the crypto world and athletes
""
ğŸ”
ğŸ”
ğŸ”

@myteamchain @myteam_finance #BSC 

DECENTRALIZATION","['GreatburninMyteamFinance', 'GreatburninMyteamCoin', 'BSC']"
67,noin55685119,noin,,2133,66,11954,1,"Good project must be join
@dggonzalez
@RT
@aalamin999

#Airdrop #Crypto #Airdrops #Giveaway https://t.co/V4IUWLvZiK","['Airdrop', 'Crypto', 'Airdrops', 'Giveaway']"
68,crypto_idea_coi,"Way to the Cryptoworld
Announcement chat: https://t.co/lpOJm9hNjH
Community chat: https://t.co/RUGBf0FUqE",,72511,77384,1242,0,@bitcoin_queen_ @FantomMaker Probably the best January event,[]
69,shesoleilcityx,"please follow back! @soleilcityx_22 got suspended.
This is not a multi account.",,1128,52,3912,8156,"$500 | 7 JUTA RUPIAH OR IPHONE XR FOR ONE WINNER IN 72 HRS ğŸ•Š

- retweet &amp; follow (turn on all notif ğŸ””)

@GAContest_ 
@Crypto_Contest_
@Crypto_Adams https://t.co/JdAFZkiKxt",[]
70,AHMADYU68893288,Rada2 Gaptek,,578,81,1904,1,"@StarlyFinance join first airdrop share their 
@SOHIDRA 
@sudu 
@faintedsad 
@jankoum 
@FaridRached
@sona
@fonni
@tushar
@riad
@fauchat
@vider
@vidi
#bsc #crypto
#bscarmy
#Earncrypto",[]
71,AjayPlayx,,,598,42,960,533,"ğŸŒMAGIC EDEN x @TheCavemenClub GIVEAWAYğŸ¦£

To celebrate Cavemen's listing on ME and their rebranding to #CAVEWORLD, we're giving away 2 Crypto Cavemen NFTs (Worth $500+ EACH)!

Rules:
1âƒ£ Follow @MagicEden_NFT &amp; @TheCavemenClub
2âƒ£ Like &amp; RT
3âƒ£ Tag 3 Friends

WINNER IN 24 HOURS!âŒ›ï¸ https://t.co/OZ0LDfElMB",['CAVEWORLD']
72,Deividdjoon,,,353,8,2142,132,"New Airdrop: Multiverse (MUER)
Rewards: 10 MUER (~300$)
Referral: 10 MUER (~300$)
Winners: All Participants
End Date: 25th January, 2022
Distribution: 25th January, 2022

ğŸ”— Airdrop Contest: https://t.co/QPM719yyRX

#Airdrop #Crypto #Bitcoin #BSC #AirdropAchiever #Multiverse https://t.co/8tI0ytMy7Z",[]
73,feftian1,deposito,"Bandung, Jawa Barat",1887,42,6063,1236,"Yo CKC!
 What is your favourite #crypto project?",['crypto']
74,crypto_kfx,"Got bored and found myself on #Opensea.                                       #BAYC 4522. Might share some other boring stuff (like #ApeSec, coming soonâ€¦)",#VegasApes,1204,1261,1286,0,"Had no idea I was gonna end up there last night, but glad I did. Great times with an awesome group! Looking forward to the next time we run into each other #CES2022 #NFTCES #VegasApes #WAGMI https://t.co/9MFFAciLeb","['CES2022', 'NFTCES', 'VegasApes', 'WAGMI']"
75,JAZEBE999,â€Ù‚Ù‡Ø±Ù…Ø§Ù† Ø®ÙˆØ¯Øª Ø¨Ø§Ø´,,1003,5,1521,6008,"ğŸš€ Airdrop: BasketballDAO
ğŸ’° Value: 7200 $BBDAO
ğŸ‘¥ Referral: 550 $BBDAO
ğŸ“¼ Audit: ContractChecker
ğŸ— News: Newsbsc
ğŸ“… End Date: 11 January 2022
ğŸ¦ Distribution Date: 12 January 2022

Talk with the Telegram Bot
https://t.co/N2bQCFoWPC

#Airdrop #Crypto #Airdrops #giveaway https://t.co/0FVmcohBXf",[]
76,thabiso_kwena,let me help you promote your crypto project for a small fee ğŸ˜‰,,1929,56,3428,80,"ğŸ #FirstAirdrop2022 ğŸ

1000$ giveaway
Next 10 winners âœ¨

1. Follow @kedruga and rt this tweet 
2. Comment your BSC wallet ğŸ‘€

#Airdrop #Giveaway #Crypto #cryptocurrency #NFTs #NFTGiveaway #SHIB #BabyCheemsInu https://t.co/Y5JARPwsP7",['FirstAirdrop2022']
77,KivancSahinbas,,,2,148,83,0,Disappointed with your investment in crypto? Get into day trading and buy reliable stocks without breaking the bank and enjoy returns.,[]
78,Deividdjoon,,,353,8,2142,96,"New Airdrop: Pope Inu 
Value: $100,000
Rewards: 10,000,000 POPE
Winners: 3000 Winners
End Date: 9th February, 2022
Distribution: After PancakeSwap listing

ğŸ”— Fill the Airdrop Form: https://t.co/ULgyrWS223

#Airdrop #Crypto #Bitcoin #BSC #AirdropAchiever #PopeInu https://t.co/8Sr6sv8PHo",[]
79,Caterrific_,#NFT #PLAY2EARN #PLAYTOEARN #CRYPTO #GAMING #CRYPTOGAMING #BLOCKCHAIN #BNB #BTC #Bitcoin #ETH #ALTS,Schweiz,1406,800,22775,36,"$TCT #wildcardgame @wildcardp2e - sounds like best crypto game !! Great Stuff !! If you are working on something that you really care about, you donâ€™t have to be pushed. The vision pulls you. Bullish!! #BlueChipTaco #bitcoin https://t.co/hZg6zwEZdT",['wildcardgame']
80,mkhelfman,"Top #bitcoin writer Medium, Hacker Noon, @cryptowriter_ | newsletter https://t.co/bylLelw0Wv | Books: Consensusland; Bitcoin or Bust; From Bust to Boom","Maryland, USA",185,1971,4250,0,"@KevinSvenson_ @crypto_birb Market didnâ€™t deliver on expectations, lots of people let down.",[]
81,itejck,I â¤ï¸ Crypto Tokenomics that can help those who need it most. â¤ï¸ #Defi â¤ï¸ ğŸ¥· $SHINJA #SHINJA ğŸ¥·#DOJOSWAP #KATANAWALLET #KUSARIBLOCKCHAIN #DOJOVERSE #blockchain,,853,486,12635,0,"@sofianzahrieh7 @WatcherGuru @Shib_nobi If you havenâ€™t grabbed #SHINJA yet, itâ€™s a smart time to swoop a bag. ğŸ¦¾ğŸ¥·â¤ï¸
ğŸ¥·#DOJOSWAP ğŸ¥·ğŸŒğŸš€ğŸŒš
ğŸ¥·#KATANAWALLETğŸ¥·ğŸ¥·ğŸŒğŸš€ğŸŒš                             ğŸ¥·#DOJOVERSE ğŸ¥·ğŸ¥·ğŸ¥·ğŸŒğŸš€ğŸŒš
ğŸ¥·#KUSARIBLOCKCHAIN ğŸ¥·ğŸŒğŸš€ğŸŒš#DeFi #crypto #cryptocurrency #blockchain #NFT #Shibnobi #DeFi @Shib_nobi","['SHINJA', 'DOJOSWAP', 'KATANAWALLET', 'DOJOVERSE', 'KUSARIBLOCKCHAIN', 'DeFi', 'crypto', 'cryptocurrency', 'blockchain', 'NFT', 'Shibnobi', 'DeFi']"
82,halyesya,Menjemput sejumput berkat hidup dan kehidupan,bekasi,1465,435,6921,89,"This week @Binance:

ğŸ”¸ Weekly market summary
ğŸ”¸ New NFT sale model
ğŸ”¸ 2021 crypto recap
ğŸ”¸ &amp; much more ğŸ‘‡

https://t.co/EhtW2kcFDh",[]
83,moeosman7,â€œLove the life you live. Live the life you love.â€ ~ Bob Marley. Use my referral link https://t.co/jAkdBbzWi8 to sign up for https://t.co/Y4fjGK43F8 and we both get $25 USD,Canada,31984,29091,89781,1357,How to buy Aquagoat? We got you covered! #AquaGoatV2 #aquagoatarmy #BSCGem #PancakeSwap #Crypto https://t.co/SaYGtvJJFJ,"['AquaGoatV2', 'aquagoatarmy', 'BSCGem', 'PancakeSwap', 'Crypto']"
84,boicifer,you gotta be kidding me.,real nigga headquarters v2,48,14,117,0,crypto scammers who only target NFT users should be rewarded for their heroic efforts,[]
85,_SAUCEDALE,PHOTOGRAPHER|IG:SAUCEDALE saucedalebooking@gmail.com,"Scottsdale, AZ",601,597,17175,2,"@JakeGagain $EGT #ELONGOAT #CLAIMYOURGOAT #EGTARMY #ELONGOATTOKEN #EGT 
If you're not in right now, what's wrong with you??
IT'S GOING TO KILL SOME(PLURAL) ZEROES!!!!!
https://t.co/aNQbmoVXgZ","['ELONGOAT', 'CLAIMYOURGOAT', 'EGTARMY', 'ELONGOATTOKEN', 'EGT']"
86,RAMSEYUNKNOWN,JUST ASK IF YOU  WANT TO KNOW JUST FOUND OUT 8-12-13 MY SON HAS AUTISM NERVOUS BUT LEARNING CANT FAIL MY SON #TEAMFOLLOWBACK #COWBOYSFANFOREVER !!!!!!,"Kansas City, MO",5645,5156,115195,0,Customers of a crypto exchange in Hong Kong reportedly say their funds are frozen https://t.co/iNjigPtN1m,[]
87,Danielesesta81,"#OccupyDeFiâœŠ #PeopleMaxi - Together we are
One - Frog Nation - ğŸ¸ğŸ¸ğŸ¤ğŸ’ª Do not Live asking
Permission",ğŸŒ–,0,34,39,0,@SIR_VENOM_IK How is the crypto market going for you? Send A Dm,[]
88,Shantanu31dec,Jolly nature,,54,73,3690,169,"I smell #BabyDogeCoin on @binance 

RT &amp; FOLLOW us if you BELIEVE

#BabyDoge #BabyDogeCoinÂ· #BabyDogeFamily #Binance #Babydoge1MillionHolder #Crypto","['BabyDogeCoin', 'BabyDoge', 'BabyDogeCoinÂ·', 'BabyDogeFamily', 'Binance']"
89,MattarJamil,,"Fremont, CA",168,47,752,1,"@CryptoLife4Eva Antis Inu $ANTIS

The hottest meme with tangible, mining utility ğŸš€

#AntisInu 
#BNBÂ Â Â Â Â Â Â Â Â Â Â Â Â Â Â Â Â Â Â Â Â Â Â Â Â Â Â Â Â Â Â Â Â Â Â Â Â Â Â Â Â Â Â Â Â Â Â Â Â Â  
#Dogecoinarmy 
@elonmusk 
@cz_binance @MattWallace888 #cryptocurrency #Crypto #NFT #INFINITYTOKEN $IT @DuncanGray #Saitama @SnoopDogg @InuAntis https://t.co/Wf5ydLhIqx","['AntisInu', 'BNB']"
90,mostcurious2,ğŸ’–Helping People Earn Passive IncomeğŸ¤‘ #CryptoCurrency ğŸ¦‡ğŸ”Š#BTC #ETH #TRON #Solana #Gala #Helium ğŸ’œğŸŒ¿#CryptoHippyLady,"Illinois, USA",1937,1402,5796,0,These are the 5 best performing cryptocurrencies over the past week amid bitcoin bear market #CryptoCurrencies #bitcoin via https://t.co/40V4NhnsH9 https://t.co/0GuT0vdxKp,"['CryptoCurrencies', 'bitcoin']"
91,WayneDickison,Bio is classified Top Secret.,Both everywhere and nowhere. ,672,674,35179,0,â€œCrypto miningâ€ https://t.co/qMJJFcJH2b,[]
92,Habdu88,Great things,,151,44,632,3,What's your favorite down-day strategy for crypto?,[]
93,0xSivareddy,Student,"Bargarh, India",2279,354,1941,0,@SafinSiddiquee @SonuGup49628987 @Crypto_Jargon nice,[]
94,Millionaire54,,,4160,1165,32622,174,"AMC on track to accept Dogecoin, Shiba Inu $SHIB crypto payments in 2022

Source:
https://t.co/jfTo1vkwIG",[]
95,quickUP0,to be better,,236,65,296,0,"@98Kdao @wikitoptop @CardanoStiftung Project with great potential.The team's dedication and ingenuity with excellent fan support will make this the envy of the crypto world. I am so glad to be part of this.
@wksm10
@JayHao8 
@disteleeer",[]
96,NO_LOOSE_ENDS,"Investor 
Crypto enthusiasts
NFT collector
Not a financial advisor","Texas, USA",65,15,378,0,Wondering if you should get into #bitcoin?  Maybe #Ethereum? Brace yourself bc this is what it's like to ride the #crypto train https://t.co/3GpIfTRWba,"['bitcoin', 'Ethereum', 'crypto']"
97,BlogPuerto,,,461,96,4918,0,"@CoinMarketCap 2022 the Shiba Inu Year! Why? Simple, #Shibarium, the Game, solid and secure ecosystem and the most importantly, the community. Real people that are 100% sure that #Shib will be into the first 5 crypto established projects in the world and a Global Currency for the next century!","['Shibarium', 'Shib']"
98,TheRaccoonZzz,Life is a video game without save button.,,168,56,76,0,"One thing unbelievable for me is 90% people in crypto and NFT don't know how to read basic chartsğŸ˜

My frens, this game control by those guys (or raccoon) look at the chart 24/7/365, they have bills or trills to play with. Not these influencers on social. Start learning NOW !",[]
99,Prince_omobee,"Broke #NFT loverâ˜¹ï¸

| Crypto enthusiast | ambassador | @Exeedme #XEDSoldier | @shuttle_one | @MatrixETF",in my mindğŸ˜Œ,1208,1389,28444,0,"ğŸ“¢ğŸ“¢ New Liquidity Pool for @Exeedme $XED

You can now swap $XED directly for $WETH on UniSwap and Polygon Network ğŸ”¥ğŸ”¥

The $XED / $WETH pair is now Live!! Go trade: https://t.co/i4VXb421aL

For more info â¤µï¸
https://t.co/LIl4Jmcwq2

#XEDSoldier #DeFi #Crypto #BSC #ETH #NFT https://t.co/9gsoYjm1jb","['XEDSoldier', 'DeFi', 'Crypto', 'BSC', 'ETH', 'NFT']"
